{"_src":"OurAirports","_fields":["le_lat","le_lon","he_lat","he_lon","surf","len_ft","le_id","he_id"],"data":{"BR-0032":[[-13.41122,-46.29319,-13.41298,-46.30341,"",3688,"10","28"]],"BR-0039":[[-18.7835,-50.94,-18.7906,-50.9333,"asf",4707,"16","34"]],"BR-0062":[[-24.4196,-47.8716,-24.41874,-47.86674,"asf",1640,"12","30"]],"BR-0063":[[-5.64104,-63.18813,-5.63136,-63.18344,"asf",3920,"04","22"]],"BR-0342":[[-6.34887,-42.46953,-6.34887,-42.48037,"outro",3937,"11","29"]],"SBVC":[[-14.9023,-40.9226,-14.9135,-40.907,"asf",6890,"15","33"]],"SSOM":[[-16.81958,-49.04958,-16.82626,-49.03854,"asf",4590,"14","32"]],"BR-0856":[[-7.83953,-34.89364,-7.85067,-34.8894,"asf",4326,"18","36"]],"BR-1311":[[-26.4229,-48.8822,-26.4225,-48.8735,"asf",3527,"11","29"]],"BR-1400":[[-7.04256,-34.91616,-7.04993,-34.9097,"asf",3532,"16","34"]],"SSFW":[[-13.15529,-41.5018,-13.15909,-41.51254,"asf",4068,"07","25"]],"BR-1526":[[-16.7341,-55.7426,-16.7348,-55.7328,"terra",3445,"11","29"]],"BR-1655":[[-2.50446,-43.43937,-2.50359,-43.43547,"asf",1472,"10","28"]],"BR-1699":[[-10.92998,-69.55927,-10.9195,-69.5549,"asf",4340,"03","21"]],"BR-1720":[[-20.33725,-54.59013,-20.34399,-54.59013,"grama",2461,"02","20"]],"BR-1739":[[-10.5022,-40.4873,-10.4889,-40.4875,"asf",3937,"02","20"]],"BR-1753":[[-22.81876,-49.38618,-22.81748,-49.37597,"asf",3281,"10","28"]],"BR-1881":[[-14.09851,-46.14132,-14.09855,-46.12863,"asf",4921,"11","29"]],"BR-1907":[[-12.89613,-56.73665,-12.90781,-56.73665,"outro",4265,"02","20"]],"BR-1911":[[-9.24528,-63.55257,-9.24528,-63.56077,"outro",2953,"10","28"]],"BR-1941":[[-22.529,-52.9785,-22.5221,-52.9659,"asf",4921,"08","26"]],"BR-2152":[[-14.8131,-39.2947,-14.8081,-39.287,"asf",4993,"08","26"]],"BR-2154":[[-20.68152,-51.0345,-20.67132,-51.02714,"asf",4593,"5","23"]],"BR-2489":[[-15.8207,-58.5563,-15.8268,-58.547,"outro",3937,"14","32"]],"BR-2776":[[-17.063,-45.4524,-17.0757,-45.4425,"grama",5650,"16","34"]],"BR-2809":[[-9.69517,-61.02157,-9.70179,-61.02627,"outro",2952,"05","23"]],"BR-3019":[[-17.72062,-54.4123,-17.70868,-54.41074,"outro",4390,"03","21"]],"BR-3081":[[-17.62771,-50.1427,-17.61589,-50.14122,"grama",4364,"3","21"]],"BR-3150":[[-15.0013,-59.9451,-14.987,-59.9466,"grama",3937,"01","19"]],"BR-3155":[[-11.25538,-54.93344,-11.26015,-54.92371,"grama",3609,"14","32"]],"BR-3237":[[-15.54842,-58.59036,-15.55418,-58.58774,"grama",2643,"18","36"]],"BR-3239":[[-21.55204,-53.55539,-21.55204,-53.56311,"grama",2625,"10","28"]],"BR-ALT":[[-1.91755,-54.72724,-1.91633,-54.71832,"asf",3280,"10","28"]],"CMT":[[-2.2473,-49.565,-2.2465,-49.5552,"asf",4000,"10","28"]],"SB06":[[-15.8458,-48.9878,-15.8518,-48.9774,"asf",4250,"12","30"]],"SB29":[[-6.87643,-48.5389,-6.86544,-48.5309,"asf",4921,"06","24"]],"SBAC":[[-4.57156,-37.81271,-4.5662,-37.79738,"asf",5906,"09","27"]],"SBAE":[[-22.15259,-49.07463,-22.16889,-49.06605,"asf",6594,"17","35"]],"SBAQ":[[-21.80491,-48.13774,-21.81875,-48.12858,"asf",5907,"17","35"]],"SBAR":[[-10.98369,-37.08035,-10.98437,-37.06031,"asf",7218,"12","30"]],"SBAU":[[-21.13307,-50.41978,-21.14989,-50.42936,"asf",6955,"5","23"]],"SBBE":[[-1.39055,-48.47715,-1.37406,-48.47575,"asf",6004,"03","21"],[-1.38802,-48.48501,-1.37025,-48.46708,"asf",9186,"07","25"]],"SBBG":[[-31.3951,-54.1178,-31.3858,-54.1064,"asf",4921,"6","24"]],"SBBH":[[-19.84707,-43.96048,-19.85463,-43.93939,"asf",8333,"13","31"]],"SBBI":[[-25.39926,-49.23462,-25.41087,-49.22939,"asf",4560,"18","36"]],"SBBP":[[-22.97917,-46.5375,-22.97917,-46.5375,"asf",3997,"16","34"]],"SBBR":[[-15.8636,-47.9235,-15.8617,-47.8977,"asf",10499,"11L","29R"],[-15.8807,-47.94,-15.8787,-47.9092,"asf",10827,"11R","29L"]],"SBBU":[[-22.3423,-49.0583,-22.3487,-49.0476,"asf",4921,"14","32"]],"SBCA":[[-24.99454,-53.50753,-25.00583,-53.4951,"asf",5810,"15","33"]],"SBCB":[[-22.92385,-42.08385,-22.91904,-42.05974,"asf",8366,"10","28"]],"SBCF":[[-19.6235,-43.9782,-19.648,-43.9556,"asf",11811,"16","34"]],"SBCG":[[-20.47866,-54.68233,-20.46128,-54.66557,"asf",8530,"06","24"]],"SBCJ":[[-6.11889,-50.0125,-6.11694,-49.99444,"asf",6562,"10","28"]],"SBCR":[[-19.01321,-57.67755,-19.00955,-57.66384,"asf",4921,"09","27"]],"SBCT":[[-25.52829,-49.18016,-25.52878,-49.16227,"asf",5899,"11","29"],[-25.52209,-49.18291,-25.53614,-49.16718,"asf",7277,"15","33"]],"SBCX":[[-29.1925,-51.19283,-29.20333,-51.1805,"asf",5479,"15","33"]],"SBCY":[[-15.64375,-56.12157,-15.66222,-56.11175,"asf",7546,"17","35"]],"SBDN":[[-22.17363,-51.43479,-22.17644,-51.41469,"asf",6923,"12","30"]],"SBDO":[[-22.20869,-54.93272,-22.19504,-54.92077,"asf",6398,"06","24"]],"SBEG":[[-3.03856,-60.06185,-3.03862,-60.03755,"asf",8858,"11","29"]],"SBFI":[[-25.58585,-54.50012,-25.60176,-54.47971,"asf",8875,"15","33"]],"SBFL":[[-27.67528,-48.55417,-27.66472,-48.55167,"asf",4331,"03","21"],[-27.66572,-48.55121,-27.67694,-48.5304,"asf",7874,"14","32"]],"SBFZ":[[-3.77301,-38.54492,-3.77943,-38.52095,"asf",9039,"13","31"]],"SBGL":[[-22.8018,-43.2552,-22.7922,-43.2177,"asf",13123,"10","28"],[-22.8124,-43.2637,-22.8291,-43.2385,"asf",10433,"15","33"]],"SBGO":[[-16.6263,-49.2312,-16.6376,-49.211,"asf",7500,"14","32"]],"SBGP":[[-21.77254,-48.40472,-21.75635,-48.40472,"asf",5906,"02L","20R"],[-21.7784,-48.40491,-21.75131,-48.4054,"asf",9843,"02R","20L"]],"SBGR":[[-23.43406,-46.48255,-23.42504,-46.4492,"asf",12139,"10L","28R"],[-23.4388,-46.487,-23.4312,-46.4589,"asf",9843,"10R","28L"]],"SBGV":[[-18.90168,-41.9889,-18.89074,-41.97757,"asf",5581,"07","25"]],"SBIH":[[-4.24803,-56.0051,-4.23588,-55.9958,"asf",5577,"05","23"]],"SBIP":[[-19.46298,-42.48268,-19.47842,-42.49252,"asf",6575,"05","23"]],"SBJA":[[-28.68464,-49.06668,-28.66591,-49.05245,"asf",8199,"05","23"]],"SBJD":[[-23.17495,-46.94665,-23.18658,-46.94127,"asf",4593,"18","36"]],"SBJE":[[-2.91085,-40.3662,-2.90199,-40.3485,"asf",7218,"08","26"]],"SBJH":[[-23.42599,-47.17799,-23.42766,-47.15389,"asf",8104,"12","30"]],"SBJR":[[-22.99083,-43.3725,-22.98278,-43.37194,"asf",2952,"03","21"]],"SBKP":[[-22.9985,-47.147,-23.0164,-47.122,"asf",10630,"15","33"]],"SBLO":[[-23.33036,-51.13972,-23.33687,-51.12041,"asf",6890,"13","31"]],"SBMA":[[-5.37444,-49.145,-5.36278,-49.13111,"asf",6562,"7","25"]],"SBMG":[[-23.47863,-52.02918,-23.47411,-52.00642,"asf",7808,"10","28"]],"SBMK":[[-16.70583,-43.82889,-16.70806,-43.80917,"asf",6890,"12","30"]],"SBMO":[[-9.51459,-35.78017,-9.51053,-35.80351,"asf",8537,"12","30"]],"SBMT":[[-23.5083,-46.6425,-23.5102,-46.6314,"asf",5249,"12","30"]],"SBNF":[[-26.88374,-48.65803,-26.87511,-48.64388,"asf",5906,"08","26"]],"SBNM":[[-28.28112,-54.17775,-28.28387,-54.16148,"asf",5331,"12","30"]],"SBNT":[[-5.9127,-35.23956,-5.91014,-35.25584,"asf",5987,"12","30"],[-5.9205,-35.24031,-5.90234,-35.25509,"asf",8530,"16L","34R"],[-5.9177,-35.24259,-5.90514,-35.25281,"asf",5905,"16R","34L"]],"SBPA":[[-29.99438,-51.18301,-29.99485,-51.15939,"asf",10499,"11","29"]],"SBPF":[[-28.24699,-52.33643,-28.24142,-52.32052,"asf",5512,"09","27"]],"SBPJ":[[-10.2853,-48.36651,-10.29779,-48.34749,"asf",8202,"14","32"]],"SBPK":[[-31.72186,-52.33467,-31.71172,-52.31985,"asf",6496,"07","25"]],"SBPO":[[-26.22131,-52.70101,-26.21289,-52.68779,"asf",5318,"07","25"]],"SBPP":[[-22.54116,-55.69927,-22.55804,-55.70593,"asf",6562,"04","22"]],"SBPS":[[-16.4407,-39.0888,-16.4363,-39.0726,"asf",6562,"10","28"]],"SBRB":[[-9.87433,-67.9022,-9.86374,-67.88567,"asf",7080,"07","25"]],"SBRF":[[-8.14031,-34.91874,-8.11463,-34.92718,"asf",9865,"18","36"]],"SBRJ":[[-22.91583,-43.16333,-22.90472,-43.16389,"asf",4134,"02L","20R"],[-22.91639,-43.1625,-22.90472,-43.16333,"asf",4341,"02R","20L"]],"SBRP":[[-21.12683,-47.77645,-21.14237,-47.77151,"asf",6890,"18","36"]],"SBSG":[[-5.76764,-35.37988,-5.77198,-35.35324,"asf",9843,"12","30"]],"SBSJ":[[-23.2197,-45.872,-23.2368,-45.8535,"asf",8780,"16","34"]],"SBSL":[[-2.57806,-44.22826,-2.59472,-44.24176,"asf",7828,"06","24"],[-2.58414,-44.22882,-2.58864,-44.2412,"asf",4803,"09","27"]],"SBSP":[[-23.6208,-46.658,-23.6317,-46.6505,"asf",4905,"17L","35R"],[-23.621,-46.6604,-23.6343,-46.6512,"asf",6365,"17R","35L"]],